PK  ?l[               docProps/core.xml춵]K?놅?B炙$??Q귘핅청???贓?符(^zy?点誠??些河?퀗bZ쉡??쌿뵈?IJi?긍? 흾??컻/{P헸1?y1N?G?+氏??^A?r뇰v那뱩K哄?.J婚??#(僅?桭p?Y삌??…i可螂흲竗?傾쭇?h	퇞*?.? -?>,T?yZ]]7[\?/R힣?뷄№t??勳?W_틂?v?GtyNJ膣凝?PK걣?  ?  PK  ?l[               _rels/.rels춶핹?놅}?筒?BMwAH팋h<@H?jG?孼	Cv?惡?꾼將g?);
J?F
넭깚룈糊띩vU?席퉐震b?d%G?먏??"놊???탽?컄쉓H_껀?햱쓀2漿Z듑k횷祚吐?솭퓽?L?(d?d%?^(MODS]?狡l??琪b*??'Kf_?t?H]].u~?둥ЯP쭉뺔N-?CW?PKW(^#?   F  PK  ?l[               [Content_Types].xml춷??E板
?팫?J??T??뛘풼빳?&)?Z딂痂緣{nFq5Y[CV볰?c6?쒟J퍈M웖w??EQ?A켎5?W??됿 '춳Vd셕9B.?票ht젖w\.s욨썏먭Z?쇴췵쾒G0뎿萸또????釀7P?a?4⒢!씉??툨?}핔D?LE堺짖?/㎽눭豈?囹춺K?}'?	1k泡?^?吳뽙퍘눒O쓧?s?"禧팗?T? ???U唇읠;×?|\<{???Vhw\꾿잯p똎奉=Wβ청o둟PK%??  (  PK  ?l[               docProps/app.xmlM렶
?D?E횟扉AD??욎A? ㅫ6?B콺??痘?룲뵨?????H6뙉?>裏$;폮C
;鈐(톜a럊l??┣L!y???9떁`_됣?G핈멑?J?Wg?S륿멕嚆
~?PK?w?   ?   PK  ?l[               xl/sharedStrings.xml=똀? 絶귥?z0????꽡뀮,?身抑q2??卜뇢꽺N?E仁x5?>랾삨?R뷠뜪?4{｛잳꺟??흝둞넄돸y?m?V???j蜂??8? PKp왠&x   ?   PK  ?l[               xl/styles.xml쒾햖?쏙+뚳ホFI?t湮vu%1녑`?愚O롍?뙿.깬ㆇ?쐋??善쿂纘l?`i+꿒?v쎠_?깇m兢??혰-??짲m쓳겗?푩 +IF뗥|?똖?fc괾?`힌쐦"?^?O@묢;JM菓5*+??쵟?塋닡4맚^쩥{쬑=i?펽잭t?
춮쟄]菱????瑩~<<?囹?(콾? 7taS?:?Z?3鹵ŧㆋzsr퇬?5?W喫串?솁:젤쫶g컼댦А쟓껑(u?3?dK?W???K;{?튪뮕)L2?蕉??任_껄??b/爭숈:=ll4??퐳``춙?㈇? H/?쭛?콸??PK\湟?  E  PK  ?l[               xl/workbook.xml뜋켔?Ew씸z;킪?N꾍뜞갱?c5?榜|@륺???m좳? c㎣?t士F兌&t^Y?0 h
+븰q툢\읙(??怒㎒?훾?끦쨺降B-活6hbSZ쬏댮繫o
?휔k:d?j???훍?xi???k?_㈕C引)&?C)j?差mn.??"뒥8Sу?겡?b껮썔跛乞?탙???O?\?7?@:|c?{??PKx6{?   l  PK  ?l[               xl/_rels/workbook.xml.rels춵핹?@霆듗w쉡?BMwAH뺘?Q?樑$?癖??;Y뜰?ㅩ쒏I??긽벵@ap???xs쎏(?쑍?飴?6?努聾<??0?i텙St뀌`稻ず??턕j갪背 m?羅쒚?抛嘆횉?f稷坤v;?!?K뒃E미T極楷?#?/E>?虜48F:캢봮돬匿{??z楫m?PK照X녥   0  PK  ?l[               xl/worksheets/sheet1.xmlЫY膽?^{~꿏㈙N?c'턘7??흀bUl?)繒?좎Hf?JI?벎츌b∩彧?????緖曆웠蕉㎩x橫'緖??웠?魂잷??~??皮oo??疑웜?剃台??葫o駝웝?哮?斅읈糊???원琵?廠~砧軒w원삼랞?~V=粉웠?驪?浦?7緖六Xg??槽_~土웡?}?姪_瓣通?폧?원/??緖獐씐??씐?熾셭??월}??w잶?派~含w?람e?_哮샘?租/?暈?:됧웝흕巷???飽推{??묵皮袍?樺w예?쀗??U[잵?藺?貨整헹症??/角웨??琴糞^줶り??o?츈?凶?w]癩?値?]墺???鼓O縉?何찱?Gh吟?角퓹U赫??舛욞웡c?.?4mオ!???ｋ~x?{	?얱??빔浩QU円O?V??樵禎不?畵oO籍녉5눨U]捲??M柵퐊?ZG六v?쀰G]??瓣쵞?l借?Yネ{;???M눹x3?싱?F?襤??쓋?７u쥡3??f4즽經??썣?j뺇침j?흁j뷬톨j븭?j뺇턴?-??춯?*-뜱?춱o?Nk?킞kcT?iq뙄?춲Q	^ε1*＋?F흋?홈惜?퐄뎹
?춵Q?쬏2*釉J햡\%
??흍W뎯툗첗Q\???*Q??띾퇚?\%曷&?rW?퉱첗뫽훃줝n?Q(7q?븲퀺&쩼밮Tn?솕?Z%밨툺첾R*톓뷡J?춶I⒫쪾2)뺎퀺&쩼쌮nq\%J??쩼W덿퉳첗⒫휱줥荻*Q*wq?빝퇚붗]\%J??쩼W덿퉳첗⒫휱줥謫*Q*??뺴퇚붗}Z%쿝툾첾V*?빸J?춶Y⒫쬤2+뺴퀺f쩼웈T?솗?Z%쿝yH첾V*q?븛퇚붗C\%.Y훃줥?Q*q?븛퇚붗玖J붗玖J붗玖J붗玖J붗玖J붗玖J붗玖J붗玖J붗玖J붗求J쩼杭_祛'?k?큨袒?卒낖?K^N?-}yQ鰲eQ礪?qy$Y)竹[?祖K껴옱巴Y뷉?Y蚩JY?E}뵚Wⓦ??.淚悉p?.W⒲
q?.漏?q?.Wゃ*Q??q??ビ*Y]촏첾u?춶蠟愿JVビ*Y]촏첾u쬤껼X쓁쇑퀺Vビ*Y]쵌ツ톳퇚\쵌ツ톳퇚\쵌ツ톳퇚\쵌ツ톳퇚붗Qu^]쵌ツ톳퇚\쵌ツ톳퇚\쵌ツ톳퇚\쵌ツ톳퀺6ビ*??u?촏첾s?춶考愿J6ビ*?촏첾s?춶困芽J6ャ*q??쩼T?ャ*q??ャ*q??ャ*q??ャ*q??ャ*Q*G?s??ャ*q??ビ*y퉊쓁톳퀺^.V쬤??춶뿃?빞붗Qu~퉊+?촏ヤ?uZ%/ャ*q????q??ャ*q??쩼T?.V??u\%.V??u\%.V??u\%.V??u\%.V?줥?ん엸???T???쓜?zQve~zOv뾉뮆??????紹Jq??i읻먠a윭뷈芸??u?쵌ッ톳?\쵌允톳?\쵌+컵湲D\쵌k컵湲H\쵌첗QU藝톳퇚\쵌ツ톳??uZ%뇣??.V쬤r퇨쓁4Nヤp?춶홹뇁?.V쬤r퇨쓁bu\%.V??u\%.V??u\%.V??u\%J夜:.V??u\%.V??u\%.V??u\%.V??u\%.V쬤r*븺?튪쓁buZ%쭓?븳.V?<ビ*9]촏ヤt79춶膽愿JNャ*?첩J\쵌ツ톳퇚\쵌ツ톳퇚\쵌ツ톳퇚\쵌ツ톳퇚\쵌첗?U例톳퇚\쵌ツ톳퇚\쵌ツ톳罵?uZ%oビ*y팞쓁톳퀺?夜:?촏ヤ?uZ%oビ*y팞쓁톳퇚\퓞ツ톳퇚\쵌ツ톳퇚붗Qu~팞W뎸?빖XW뎸?빖XW뎸?빖XW뎸?빖XW덿?\u???짾孼????暴香?通?厚?褪??웝禑|듌?츠"t[?쏉ww幼{湳9??5?>떔?わ픥?똙3j챐x4`콡E=횙,^j?}?쩱?ぎ?)\G?크u?tVo듣땑=?f?E?뇌P-紊i[공?볶쭷끌X-벚h?,劾딵?(Y|f}]<q??U?O공B-佳)???Y?=??MQ?|?兌"떙긂沒Y}c찾hz쭁톶벒쯂twG焉?%=쫓쟺Q?틙t,ウ*틮Q?^?裵k2*o쏁뱊借t,???巾?Y뱧꼈^??*#彊)?>R쩮?@Bx뤛?5GIYv嶪L?(+騫Q??-儉懺?U^뻰U?G뎋V?:?Uf肆븍q?5鋸Z｜.(7淀T=>S%gYu킬톈(;乾?倉Qz뻄{퐏疊븶賞T?	Z^此햓?-o룝?J男푎%?벢㎓z{젫19G쳁炷war롐???G삳爻{=?EW줞?)n?9汶O?퐔?x預e?댙뱒擅o=뵨뱒눔?썫?wt&預뒷^Ｎ亂? G㎱畿x述39G/썳펠?퐘곭벝39G/??預u撒?6겂M??쑃쀍Ｅ婚-猶닧뱒?^?\;揀???wE?졕;宣hS붻???dV?욡Q0+B/벀》zV?1H??+@??A細?썴흫mV|^師a刷q邂ⓓ?=P??윀뀨헿?클玉윐?뿯鴉`{싻d№?냑kQn^?<早쎮?*<둛?q?h?2;3?쇒u륇R?Qc?+./??+,츿
?YQy츷|뉈消>愷焚줖eVL翠5-?^?㉩("/昞?\쩮큃PV?z,?숺Q3w4oR?SP^/d뗟덭AY뷙W죮귫빠힒Ay?-
鞨~퓀?
?(?*?鞨r耕-^뵹?쥯셋솒윀궟n/ ?봚P+'쬊퍵J?e}??/J勘Z?_1Ee}?냑Y??/_ay쩎?QZ?훷oβ??/_yy缸%~*VE?敢?Uf떽\岡잽半9?뵔]_T?Ww+/?-蕙쭾F^븭?학E^븭췰酒?븭?폐sQZw?J乾휒=.εu?纛V쩯(85퉨臥엉쳁겗 ?ェ겗給됮E?븮쬎>튠뉼M0겛*-o?쇊?9~?ε邨<1c툆2??>J?U렁D&J乾Zd智뉼n?Fi?E랃Ax]??뽛J췗햄<칍Yn꼂?mN乾c걖飮?^?펊N?>??-婚Zch¤逸?옒凜z??쎫??rlSZ^G)쎫?\	흃y쇊9-쎻곘于iy}? ??蘭?Z^_1得7쩯{??oJ去놞?SZ뚫]뢆&J騫?a1듧??t{6쩯?5us捿向p븣冷~H?Ⅴ퍫?挺Kiy?鈞|)-o씸?-/벛짙(-ズ緩?)-+S9_돆理G뤔?풰$^垂?樓E뜒캁紫.o?{J?^J車u^?짼옛?땿뺥儼挑?T^?뵼^꿐v侯젹$?y~墺⒠쨀;?C쓼?(奴?~?曠?짹?v?侍뾟굿뎬{??!:^{?깢믯B쬱wO?/ ???$?뜴횀?j??ｄ$帆d??x?F?닸w?o??sJ?ｌ컧fw랇
<0듰]＜B玔v?;譏w쬬{?윀k봎?中팂yEw덊??妻=i?E字Q?뚔?,쩶bw??붇腿븭?3?繭퍗B?x?t-눉억??찾?d숦i9뵏?뵔CS<?8뵔뾋_悚+-눵讚궅?軻p뤴???旒?SZ??u[M闇Qw{?MR죥뉣G?밀愉⅛r??<園?qqx?죴퓃뵹?쀯焉룩Gq?폜??풑췘뼊j:\＜b{???녎W?街⑩횼㎩超웬?
Uxbg줱뎓勢k뵝?O㎩作?>]ｌζ?뜴?邑e[닺맂J乾}i?i붭q튔쯓?i??-澔?㎩e궢E㎾芷??㎾?莢E>븭심g㎿窒`yY:-빪????伍切?}X?튔y?悚팷??就)-鮎1L욵皆뎌갊玲?잷番周h?悅約h?궊+z?&?４月톕뵕?E굊?A賞#???乾Z??????멡C{팂9H粮5墾Q,?뇕t?씜囍?┫쇰X兆뺼뗔Uoee{-0셌듙+
?昴ｐ땪抹첓촂?+'?<펃^^4?씜兄??:$QK|뇗角슐?朔죝속낔????쫴株壕??p?쎷셚K튊x}{X暈?V3i0&不????돸?}좍롛h???;혁?|h??璋묦션.룒竺샢饗N澳₃|??稀뎓^잙_??滌Ｒ??????_@Q푬.??8(??vb^??-竊F龍쯩??)帆??Z?Yp윮訥?)fT잖UIx訶팞뙸잖?첪I?
뽐?퉽wwv?y븫d똉폫4팓햃o걽??`T?험캢Z	x7먤?Z與셰
+?Ea)z敗4?oc ?욥c ?5? q픙?0묕?샶s?gb"?M典?S`?-+T짝읕싷U`"팏Sb"酸횯遇줟걠촍O걠?L?횵셹戮c뿰2???셡뒖2只?v8+?삍됖Yq?`???囍걠=:dS`쥛!0뫻㎱휍敍읕?돂덼牒??n6"r객G?훀*땑%?o湍<?옎??fe?糾$|?lVr읢?鎰}?念j% 固沚?aV俔퍳?X?;弼<bv_w2슍z?井??뎴?년랾쎊[|f??V?-??V혋?8翼V캣?}?塡岫만?:務?*?{|W弗츔옇쭎汕퉈<l\봮5?+棲뻠(?玔?公G遐と?臣-?취S?_遐;??i2V쓸쮅.8?W짹R???e\뤍B렰?)苔,??\k躁XF]?뉅狼?%^븉?쪹W%])1槨Щ,0럁븎??)禎냈{Δ+E?븒On W?腹暴<횁쇻U쇬???k펮?
?揚uㅜ{??^C??]븒O已\븒~cWg?*?쵞?ywl裂f?bw??팭`^띃?삀U[d땔&聯j??섇?y쑫?????w??[?붭??%z??p꺪?r??텹;?칱?쇠!nJ?sx쎫츶qS?枚갯피=?퓛{1?폆헗愚줒??本レk퇖R?身z)??퐫z5륄*?촢})?湮y)???℡췯?饍墮Y?^N:涇퓶s?뾕?/??d?遇?'뎡띧}]?;篒	lnV결??쵵?{:{=?H酩Ps칉줌嗜Jrsw?埰{P媛셰?n?J얨P愉癤R혜唆탾??厄?z下r?fw??내R???|^??bw뇟껼팕핏??탲?:듂+?{?豚=
9랮랶낎@-?9W~g?밍X3꽾뺎X?퉇?"?#?D췣?W|?퉟Gq?y?쮞\?(?툋蔑痘6餉k뫗?²????w懊쓕춲?(H펭?빾'?<퇫>?p?퇭놼=?XWv(?꺷C?`괋俑&?쑊?7?S뻷룕jM????K걂?;>F?꿭?툏듛?;К>討?밼뇉?4;A⑥申;gP?n뎻?>q馭?掛뢾鷗?這W??鍮
?衝敬읎允滎佾Q?=거/孩認쵴庠?쏘톆□?{	
~庠?Ｈ톀츲狩??標&3?T瀕蜈옙?釵oW矣|<찭5存Q-VW??(帙?뛹{}1?o'f$?뫠氈륜wx{o?봭?촳?}ew??퓕{1.4?w熏슘?zo{}re弑톌?⊇띌殷s??O퀘辰MV3iq뗇~裟쑈??=TZ?罷SO35o9忿晴?了No??$쳬?l[饗針尉鍾??c險炘i??Cw鉛??|i?穽洪뺷妃?煐쀥7坼?뜨*??:#eⓔ??2?ZН쓏?_?좻?쬞퉣?휦?E[u휝xJ텷b?W븺2N퍏sw?>A%硼?=?삳:?븏뺤?*搢?얍ⓗ?q])瀑?펃刻?츮左폢잃?+?으xT僿핉^E?곀P?컃?펅??0굽?)0굽批㎱D??|S`b뉚?샶?>)柾@溢T&蛇 v,*K셮3)?xw븠w7^??搜L??G??[(禎N吝L梨?
L?㎱?놲걠O왽샶?1%&?瓚D嚬aJL훟?삁?쁙?2&???~즖e"オs "g뺞@?w"震?珠{J?옻놋곁췥쩫?w븙숟玉$剋윎꺃팡JA;g굖 ?경u???燻턲V??;悍o옗{퇛쿄惇?V裂펢츽?톅嶝폯蛟큟?*u?壁pm'[?J87Q쿰&G???귲?連V?倫_?a焌뿘1=輒?繕?=里凌흤^??%?忠?Xo5??.?o펆접x볯쟸쳎_??s3??팃E	플?E?/+?|첃k抗J??7卒븄=7??\ヲ?b?헭??己^C8???뱈
	?B8?縷!?`啣쬔7??옻Uy?켷U檳{??5W??y핼??科젾*?楷폆1헅渣?븏,o??횁My퐝攪쇈!퓖w?瑗蓍널;?6?뢆V?1?h??vO?6X뫸썟n??9?迲?勤?q?阻꽸哨?審즲{r[?#붝	허뿑p??p?쵂義?????찔驟?t吠x)搔膾쪊k0낗R?X-?쪼?켼次럤㈋봯?浣#Vl^袈S?기?O?幟'~忠<먘}8nV얀灐x홥?聳承n|?Z?溶*?O?`萸??엤적??+得o+?궚???in줩グ푗W촗??코?fjw璲
}w촴篆q댌膚냯꺷?왃?~?綬5q?\댠|?
G사퇧?8^윃6?溺6齋?n5퓦J?gp?7v뱕?OI?p??╁톰??랔T咽M?N룓O븵?O?랶aR줔~IN,B먌{|I믡鐘I묬헷H??G먧삷8봹OVV?{걺습J퐗????xdV쪞?>? 햐?r???씳찃?G먦?:貂:?9?봹?*??㎵c뱝T?1쓘놎v_?뇙8븊펱챕?퇒U)합/?롫헞埴?]뚀슦S?졬qz컟^?j?r:?<???pO'裙u징?z7&pN쀣퇟;윴'X?簽??햱]?/#?S%\뉟去?>%\?뼙0囚拓0욖찀k0∈V?립?	W#??U썊( 즙晝=궥푿|>^?콕	헝?꺓???톣듻傍t殖i?FXo/?칑??으0??卷???哲빟w????潑?QWC??>???7Y邏x`u??|穆94貿칢聽'긪딝候w?x3?極뢲?碎撰Z7洩t>j컒跣`?gnP’蟲뤍??갸暹? 7腫2팱?A?솬?n龜K後p1:I?e4듷씎쮆??f!v2*嗟궍?몏Y젦4*??jT吝E눳傍氏땫g??줔]fT?꽥GE?갾?ld튕?籠F?-=Q즰?X?븘탷럧헽]!Gea}}|묜6?|괟챗0'2*??座<쇼w^+칌?g%?^뎷칭昔줢셹??5e?걨?샠깐샶s캕2콞?'e???쁙c?&띈똋걠?촍쵉둥I셓K?R&?<+ebUt<?셹]홇셹?d?섢?W&^,A'c奕L쐱돂繭?{t?읕g;L珏?좮셹淃??햟u깤?]t
nb룆~S?eRi?+?aV&^?宅zp\兆붙c???4?[;+m馳촍송,?Q셹?V??gV&?`<+e"O츣븞섐谿<移?i휀?ea땥S퀞결㏄촴累?C^G?~<F펀2g뫱#쐲~X?+莢n*坂P尿??y슡.붻봴坵xr7ヂ?봵-눳:?,J:聘sQ?<쒾)?룆Qf\봯<???E罕b?Q푧鬧|k1c??nU앉??~^??nQ얹?뗳?r?罕垂eQ얾嚆p\G??옘(??e쏬괫???륃걡?<?吸5xt\슝룼頌]푿젓?k鳥섒ヒ?<:l픖?퇑?奄N主2浙?YCD&텉풦kH걎????I?uY?	푺4H홏???!-7츋LH蓋<짟x쵤5??Qn?_C붘?[늭K?m걠5#0긷1脚tn`b箇햨?OL??`"Gp[늭e?量m!!\짉?&6?n걠<뇋L?f[`"????dLЧm;0묤O텛??0?	렝휅褸2註徵븞\O?y'횺i笠f?v㉮풐?Tv?翫/O筑뿘{=???n^筑?W??z?丹뾯?悴?轅/??Z'r酷쇈鎚늘?^?T3_J:??|{_?姨|?칮룁?裏ue???퍘?삔?Vl??n-.???n蘗?-?立4?剖??k困?誕p勝>w쀶x석짯?h쀶P???짯?L??쁨?貞@7?_Zv랍?늡-?띮??7里!쒎a{
g밧0꽨?=B8???捻쎝4ly刷裡【イ?菽3가P셒??먾x`?$>vC?踪?꼙VF쁿p뜰f??a?瓘?헭q??	?$>씐I栒{?>^W!쐌0탋꼙턇?_膏L??0길?읕숮?&r?`"vg믶먼/1멒?&<?I|(t??[&쏛瞬?u&??g*d銷콭??u&?
50켇묞LF	gb"塞횯^%뎶S씓?a括?[7??反L?<l60멒뀩A?.(e喚漬?륮쩫?oea뤱熏뮥G???~+;뙍唆?蔘?걘?庠?N2풑~=R悅Q06맾쌌＊?멘?oo瓚-沙幄웍n`V詐롰o/e?Tg둷o'2鈺쑦0嶺먦?%읆?`낭.勝wgW쾉霑y믿?t ??W靑픟?w _??p?肝l'^??-??粮S0?7hY??}?_읙린?<??]?? C???>
備뤯졗-?IG젛湫p?→??<?篤원괴竺? _??B⒵+7x淑?}쳦?蔘A껥韜n?즄?왆쁅#謂i끵좶XOU?E?뜇풣懸F?s-<+`Sp{T6Wh럧웽??e?죡V귦?住봻쵰?꺱Yq역r갚W嗽y^츘컩 |T6??W6E?Wa?왐?l?態+??疝<솩(?陸dP"^룋캤??e菽}듊ㅚ훋?S`"냆`b??돏?+栽L?jS`"'門픁N-N걠-駒Ld?R&??뵃?阿┟쾰?뵃둣hN珏?(?珏?E?0콛n析췗?뵃??T&蘆蕉LНp?罹WN珏??徊%v@L핷Ч??wbz?y2h좱섶캽O셹wP`풉2周??&sw횥?L?P??"??쬝퓶s닏튊r햞??Z~`弛LPR삎??4+;害4d휻V?=?혳푨?귮	`??솦뾉?멭?嫉!?%뢘V藺;떳?W?苕_a책#?z?刪흙켙oQ葉v;뗢n?J??佳쮶??tH?潰S!7젻?훍斷"n율?7 ?E?/E娛E\券칷諭?Q쿼<eX?쁄苔?	:?裴븈?!xN
?럵p?<?.凌췕쇄?윛)Jn쿼THQ??禎c`k?餞?W璉&?첮?묽뛖퉉Ic妨氏ㆆcU?"∼J용:p3칄?I瞑?皎?잼	rエR?O0?븗?槽?	湞k펃傳]xα]a듡\yXI뺔찫펗ky2o?2&??0?戮Dザ읕e?0콟稱?r`?}?0?雌a?K뗌D??y曇-0?D?輜L?厠품뀺W列?1o퍎4궷*L|從鰻Dn?L|p?H쿹틗\q뤱?$?똹텗-?[H7??腔%??-0뫕j??b也D|r⑿릵z/α뾉쵱카$痢?9(M??k??厦륢?궪|y"꼏????쎶??취?cxr??쿳R?뤌??咐횓ww嬉^:藎Rp퇾봭x쩘6骸R{#昐k쀷?}g?*?뽑拂?波J販*???qyw?孀]茅旅?}??瑢渾J~{??룿_/?W解?W란?怡責G??占?웸做x{緝	>\됛刷햮첪羹??'r둲1V?\뗂?캔쐉=B:력{u?B予q춗넾?}9B\?:x꽭뻰?캔폓?琡?#h}?A蔭?룮雛j?귉W?u$쵴?볛?)??킵\??.?↗눹<h}늅?ㆅ??h?렳DN?걠=さGb"爀gb"淚L,콬????햎hy촫`쥁g?態&춳눢??wH'??括?w?춳次g`?K'춳?b"룱L??t???k}g幾翟MZ?얖?웅LZ웇泥0?k뙑括D?&뽠?쁙rGo?<pK??뷋~폊덼섭o%?어[y8琮x諍?>믓??菴[9罵P빓7꾭쁡e`긟B沙굺切?#5???퐴}㎰??仗홵?㈖M?s陋>]\??邰??sxg섦9?.h엎?X빆?쎲_?卜륔?큖?퉞XO憙콎퓆?a뇌-튯{??_햩??>??I|Fde컃??Xp?????-*??%聿`줄훰괙랞펠햩눣~?0딝y?뚰풪???헀유긂??,???)x뇪??쇩º쌜탘(ª?Z?뢓트瘟?t0vE떇5짃굻8뉂???拏?w쌷롒Q겁ht:v흹:뤯賑?빪姸???랲?6?멝1`ttF6宜('윀S?v??l?vtN6瀏멒왲4:)煎h?;*?굢金Yyc襄ay]
oＳ?ezJ큞南?-?srZ^G?xrZ6콶巍뉼w"핡M㎩?r꺂袒뎀츽羌㉠?rZ^&<圄iy]7?-?뙒顚?□뜰`?볆??-;ty쪫?C??땎'쬮[<퇡;畿뺦?X~?-K섺?K69-贇瑢譽눋??菴Z???%?넛??S㎩牆?楯샬?;-+
5;-+솓3㎤뽀톜Naw??跡\???칢듉;\?
?셅U4qZ?lvVr熢ㅴ컈vN?퀂??vFr慮혂,Q섴?롟?惡暻謨븰퀟U袂댆엪???텻C?,癖r골?똁쮰쭁??Kperq8??@oqre喊d?핡팂<뾱	造柶$<>05???Zw?O2N?兄딠?몝c?
??R?厭疎(i	0펰w펊렻?使뎪o?'?섭隣!프d쟝?:?瞥?l깎i?Q켰맄묟eu6?뀪X쓮듭??鏡휏맮??흙??쓵?*쉥s芷c?韻쵈'O?VVE?7ビR쎙S옦??Q책=k慶좚괜TM덭Jk澗H?N綠괞?VG??O??5뢑N	.TXSX]b`?-鮎]l?늙x땇5Eo1ф耭)촱p?쯔?9쓻빑?-??-/n%wZ?x뱷뽻얀縫?%??-k服vK?鹹'Zr1?hYc욈뻞??h?퓑?O렣齷O??[?{?N?7^m暗??,쬸祈퀭桑i涵v?Nt9p??	x^!?7遵?쪧愼??'e??ㅆ?7D?!?=?M긥?H??!E?榛?{??B?y?댏뭡+콕X륆r"順暢8D잝?콘?~?楫?豁E\E?けu3p?靈a_ ?9?ㅢ賊c퓂j#弄?m?櫛烽xJuRy쐒@1???껢赴慝州Am훦翹乶-p翠5軫HZ#鏤?k?搜5>툅=i?庚?k什욢헁_邁???-??>?<E?jZ{뒢k????첫X텹&쵶?볉8`?Z是?Ik??i??NZc?풦kl0?$???®}?E?냿G뒢k엖씊?L?????8R??}쾌쇙겎?w?믔冪콼Zc깚?퀳?;믔(3쮶澧1?i?賂Qbcd?뿽?3꺛힂퀳弄課5v<p6i?~土?跌??{蹟NZc뤕hg???1?&Z6?:-+?<#-y줾?긁?답況셡蔑w&Z朧(엵??&Z??鸞핷嫄?횥3?f校[? s&三? 믔X?s?v탐쁈mО붾앐?gb&뎠F泌煮|諄몏?y烈볬깮???J>뱝/h띩?hx┏?앢w??놺p?w2寧i履퉊??T阿?祠~?m??峨?C~
NB澈脾K魃C?.? @咽륁?꺘任륓콻 ペ?쎲_?煦깭煩??V횩碗턐쮿;0愁?o뇌?=흤E?u칑곣Z꼭덛,:v?o럯?~i>H샲?X<?|?探Zt뙊?瑞$콿?0述,XT?<疸_澮{出hA把?Xq?겯m_?~9흼<?-?o侶흫}띘?&16(+s??u4vRU1:빪??힟?랲힟ㄴ金?숂?l??놻[2?c親?]恤閑=7? 跋큼mG'??윀#RgL;#쏅찾8$썴???묯헉e??y?K?.+쓷mQ順ttT?뤟?援G뉐?*黑n"긓-yb蒲큞D컶쐳띗|uZ?ΙiiOrZ???羌瘟?J큞x<p줱껃껾?'w&㎩EtX'쬮#?&㎩싹.??L℡꾜봦9잻29-?<LN乾Q至?K?rJ킈e辱l$49-칦?볆?.祛Y쾶<%旒B쭄rZ?0?Y浸iY\?;-+?;-o?쬮U<プiYrvZ裨堆텥?齟썭뽻6뢍M遊펁
4I?o?㎔삥?褒??Y^?>J?뢳삚??s %?묂U支s쬭????vB쿊7;K뙄f?s???뎼繼hM?>孟?,팏晫X쐢좨???튅hq滿?탔Y홴7땽p宣q裔픪퀿?냑?r,?쵁\"??K묃g?:돴?x촀?h??m槃&??CQ짉픀㈇ZeK팍셹k鴻b9竊;.'臣d早藕/r즢?읹???쪗旨旅x셮u?k?9?쓳wk3?;%鮎vl;Mk좻'?헓qV^w똤;-???[#s큆벧???]O?캻wy??]S可F擲)g堵KI썛Gv㎚M?4ㅄM땇耿뉼+?훘y?J썉0i갬7畿?퀔?~_?]??)틁P樽Rt沸?Zr?´4?Zr?K?퓰퐠?~+텱?祈%Z6輦?笞'Zr浩뻞繆K킈柝D??-y퀝-畿?-Kd?S複쩅h昰/?|?된-?폃뱋??D?亥Q;HK?폙?q풟?문쀓?
6k:-?y풟??/'e륇?D??끞?];#쇒캁춁깘チ@劉t幄4/g#陵?y솂삗\댏k<?몷???녅?낁퓶껇?y뙲????륮駭횀맘a勉재F?nd?|펓敵諭%cw?뢵?5`憁膚'M?p??=??屢a앜I@찾D?散備苔??G窯N귙覆(cⅲ?틽?n,q쎐=?愰&묽e?@?0낍 뵀숟????@쿥t8猶??Fm"Nr#旌t$퉹78믚Xr⒢?(?4?|b)?<R ??@??h.;b 띇?h?? 뷜Q?췗>R ]rGp
?,:R ]?~? 뷘?r#&Ot긝??_??줱?e줱뎭?h슌Inю殄(7br?r쥾훿?6x?,?볓粒?F퉹뾔-y뽈3畿햿?눋컠?킈얇DKz쐇?뻞rg??w&Z|?7?럕#?몪X?&ZV卞 畿F/?얍볗?7r?x?윑?볓??Inlxdt?[災Mr４?묽? ??w쒥y祀;5V삙y쭖??虛?w댛1?腿:)Ytx;';쵎~뇏붿脾<?o'd敲>??t??xq꽙斧톝뫃?y?(뿦m}툗?∇?巾M配5mW찯^럡7m뗙_幷?M_??>?玘m?脫?X?쎮o몦쉙햩_?꼭챹=깈i?o8wFn???본X淆a겯뛃>R딭月>杻?췎??~h>?淮?!?틆|?O망?접A	枝`?덞u?E?`?♥u?mF?]T멎Ge葬M?L?쇞0:[?똫Q"괚'c+C?Gc'3FFgcw끆??怡 뤴t?=싎埈?b?g]?훨엹껨배롁V쪲띘?菁??칍㏛e궩?롂Fv쓶뜥授껖?>뒖?뜉oⅲ꼍줯i?뱨Gv;,칦롱쓻뛩?9-?UlquZ?※盾뉼;?$?75?-y輪)?we?-YJ?-Y쿆-9?-Y?-k?N??畿핦摺i?擦芽弛)?y?|?쬮_TxLN?6?쐳?씄뽛C셦J??>%Zr긺봦?~NN乾c햣?謨?S줱滾i뱋咸>楯[??꾙RX4눊[늙?y셮;?凜넛池謀?-m寅iy錠끥흃y_社z?h4㎔뼉O?굊?0;-?nvZ퍸겞??'%?엪W???+ ?y퀋꿜y閏?뤲t昻?F^M햲쿳	76=:?\뉐P%w?깙#q@?q J7멥곁Q놹룦㉴Q粒＝8{\O땉p??뉋??읹? ?}lI ?거⑦?@笠v뽖蒻8??i?퍃뻉B?^왎?뇇w?o|歇??>J향???,eo??d丹轢X+ビ???F舫u:VW?GI荻r쾨꽱ll뎧F瀘?%琠Vl둼N蘆送ㅌ?Z攫남?렃뻲?^~J雷Xw괜lM??]홙融뵱멬,%l^0)c홂GkJ???g3졿낌?藺?k昶馱뵸?k뇯료tuZ?簪{愿?싯H???-?N?p?鸞?i쎬쿀o?h)M콍뽖C웘Yr퀁?c|K답퐏턌K,9?-웊嵐9-?졻?-?뚈?Y엉쎬??域? 갹;鸞돂+[℡?[?躪m돃뒆[줱꿳?|?7륣킈!顎룝ie?[?폙?4쁏{끞팯?퓶뼢xJ칃횢??_?퀞7?9)?녅쐯O?N?帥rF疾닓꿨?髥vk???뻄퐹??+콘<辨닣?dg?쐡툦?픐?倚?繁4?` ?碌喚?먲Y?袖>7r?襪??t脅?b꽭'?쌧껅댹?쿅;뒡{
{?1낸?\J?x"sT튆8?PC醱?왾얯G?LPF?楡@剃Iu|p?R배sO챑?$?GьQu??y녅%?TG??厥?
G뒩k숩#턺뙃#턺<盤Hq?g%?5O?q4芎Mq4룦8R?輦Hqt꿦cGT?:+M:쐳?걒?Gs5?TG웆?g?欄힗#찊쇔?愷q左8싄?)롲y냫뙞퉓!팩?)롦}??J_|T1?$欄獸珞:??KLP엵뻆|봥?jhg??z&ZV濂?휌h?恨삢긔??謖I㈒;UGnQuQa"?ぃt?欄??u? uR+왛UGd?J{츥,천볤늳?y政?kx?Z뻏4xFZ?I푘?註룝귗wRy巡;찊\?N?o=??NぃL?m?쪂?厓韋⑾결롺??艱NK屠vV(村C??奢?빝톁뭼+橡?촙w $?檉M??y彰?w敞Q7?橡E?ED?D剪8커듎借藏뤊턪팮e?]??뤬엎}?h?蘭m㎌T7?尉캹?o?,z봍^?U퉡V?U컧]X枓뛍2XT퇽?접퍅??O]?-積杖U8X?m?+?瑨hA窮쿾V?헒??/?틭?O??_?+벦
Ь?벵훟궳?-紊?T?[<툪RY{옰?:澔簫?泂B'yt0vR?:;Q놣G즩?廣?밌狸?崔?퍵?賂? 헽q>v뮣먚꼼뾢tB턉긦孺늢e?총?볇?l?:%罰땬앂롂???{퐬撚%w?)?v홞?iM르남밦誇챵?L답"?畿??講?[J쓻流?딺?퓮볆?j99-?{?쬮o錮N鱇??쐳流璇9S?摺<%Z?qMN乾繇p1%Z璡??s괪℡P?-{^뻅?쒒?yoW"#뚠[덼??v9pZ?됢?-[i[옖???毆???:D&쬮#{3??,56;-쵣dvZ^?~멺㎘?;-?r牛Nq!옒袒??㎩e굝껙塘???>?zs?;-o?/?y??域,쩓|vZ?J?쓻Г鷗??裔Wb0뉋썁췚꼲귘??閥?嗾=;K뚴f㎗L??.Z즩n隱?dGb矗疥???|rc췈註퀩?핼괉늴璋?I:$?,렻RF,렻;끁7嘯????'v-	??q챼儁좓?煎x?툿知#袂X?}q0?곣Mhen	pwq<?멘s@?ex-洸뽕Hz툋困☞y횽?쒰쒰?M??쓷??'塢?麥뉼1쨭;??vZ?냮?뽻됣쥾??dM솠EＵiy9?ＺiY??%ox,??=?-禎j|?講??J癬곶샔A쓎M)???켃duZ?쬿M댁1떝&ZX뮴P쎴X-X캞Zrs줱??h舞$?K굘9-kq턈K?rK큞xFu?,?j?y?Z???~뫕DK瓮DK?a떓n,????E??w挺B??<;孵셫N?썄紆??m!?z뚂6㎘뒵lN?겸패Pd$M/㎩m괛qZ?*Iw8
?N?T?N?6釜R5Oa}???^rS납믥向B
뉛UH?rJ?	?X??껪g??Dy끞s돬wsk퀟뫧?yp?秘W "왎?jR!暈?i量??ㅑ],읛??A牝pw桿j쟴5?뱂!???G믁G뮣$뒓褒?꼋~?琫fO"d??뎽慝G%?뎽f곳$B志?뎽姙?껪톑O"?u?r+?!좓:1\c)М?)꺧쁨?QSt<녫9y셮#l
쳙쳢#끫?)ф`?V??뒓<?끫?Q꾡롻붆~¶{D큽#끫?)ь?=뼅c?de
??RX??Y꽺?a5OGOE?驩I??!뒓?EH??"d꿦?J?G?DH?랣K.y8-k\?줱놢Ug℡?h/g´4쬎?눂?컞?~,?Br펫L?O6?|멟㎩??域Д妓뚚6>옪?+=O쬮-S?㎩}b?-9?&믒?뎽=7['뮮?뱋)?$三Dy?킈???뎽\P?)使?DHE?꾡9 ?Br'?뎽2??6<D8?\??;W?Cr밶뚁툳?yog%?};);뙊脾?皓?I徙??個잋롨픅n???wc싫排?p,?室? Di胃?껗ASw?M?殼樵硝n1澔쎓?관?l沅S?푛박律캹洛피몽?↙參究豪?吻電엘?迭???얌?稷`??햩發>Nx?	\	?계갸勳`杞6??컊?tT?뢅k槽d?財?뺗?	?컃p?o긂?즻N?붅B딷謠u&Ｃ??Gq^q4n?:
캙C姃iXK墻?l.??쓨j?촰b퀟콗
親?K볟?촦|滑폔>넫?쿀xmtD?1?;#M?뮆拷vJ^GAuktL脾76?'춲qtP?ttR嗣R냤?Fg如약sX??iy/綿쐆? 쪫KV?쬮#
兪큞췞L냤뽄?힟?V進큞떄;퓷뽻Lx|.N?녴MN乾(#NN?*r'쬮#?芽ld떿??!色큞?????g?-[銘qrZ6꽁宋뉼?~힅뽛ｄ.v쬮S뷋췀쐳??:-mO?畿헎?h?)嶼눼?g㎘㈐s?9}0?퍇"?㎘?5;-+頊썭뽻誇8_?Y?iy?(2;-+셭?;-Kq?{??覇법9E?avZ?8+췷 %?퀂믵f웵O됀莖뙏mB?Z??~tNG踊v6b톺`쿠?qK?5l2u뻰-?1뫎꼑e?코?/NC9B댊Q?쐞嘆캂퇣거앑g`눆솇?%?kv뗒뢚빬茸빑뗒Of?燻wq?w흄諜꾦諄{震坦:rO??챈'嬋?>뉋-곥Q쐝?l??쌧hXt?캰?Z쓣ω段낡?b㎭쓵?I瀉k왮?>p召?|?陰蛭?y놭믔?샚_뱖?g{?;,/XSr┖.?fg??猊??뱮졹寂5fh먽コ?0못쓻?뻒防5?鸞?J댁y?Z>귤yK??n)뽪쭤-$춮듨?뻨xBq뒫yn핕binZ?-9?Z6|?-퉛o떛4w?-칷앟?뽻燕煮펿헿텻??7㎩싣??X}?엱??엱[#텛쭛Q?ぞL題훲6?求휈??L줱?$Zr'?hYr?줱낋??5V&폃oA풎oYaY蕭i9??V<f??槁쐯?~9%?쐭펕?켸<?df筋}끉.???d횼밯?몜?C聞m稜{"?Yk<잀8徇훒 덊?@|?~片궨???Fv&?退(?0斯C5`??N?^CⓦAv?]컴????,볌쓟??汕?r?Py?Pq'?쮮<抱?藁걕炳簪?????]앐흸_壘寧괐?@+션xc?y=w!&??탸%?u쨣??/s5??.?▶댯햐<??u"?	V{;?^?v*^'팠켌]亞?????'???R<찇u룒2찇5V?I]?+GR퉷???2찇퍪??돃굥D?d'Z?w$Z툞?h쑊R눟s=-+確엵?췰뚭"?N답課.뜀?旽?칐R9?&u묊쒲]?*<벟?yT?y&u길㈙Q]D헛L?뢶9c8J?R[^cI]?Ｏ??믑?}???寇.?돱?9u?먋gTy#덬芥??tuR{初?]뵣$u???琉W??~^床랸0쾦'三???甫?Z?퓷??퐺켐?ly?⅞힠?t憾?@H~些쎽檉Kbz????푌뫍??횮씣L藤D??XD?h푣¼볕C뻰&j뗙_??で?츈O5_坊W區?鴨構Y廬뎣搬풤E釣풿1??N?_?Y`???접??햩뇜?_??뾪|,\!?붗??+퍈~??E꿱??x빳/?캃칯E?_쬬屑?X盜?,x한I[?6*eu뿵朞X5n =:?툭?x??킢휹*쭲cS<p	뤟?c6?놻s?2K;?撈럫헝(僚뤟혔칟	;?4qB???묝葯K텦??헟?y뤳켄wL?K濟tN?n즱蔯? ?볬옩?롃愷fi팇띧걣?F<뛐?Ybw蒲뉼^d?&쬮#즲&㎩}?bN踞듰켂??|?쬮+_摺i?7/??-F돀堵2?sZ^&?煮l끟볆쾿m_'쬮+ON閘終29-?좕89-跋F?rZ?췵Y:-燔??뻧蘭Q쐳痢cA芽l??S줱?9鸞뎝芎뉼쟾蕃MN??^~℡y??볼넛?욞?C??s댎??:-+쇫5;-?l?㎩e?3s듇ⅰ?Y?h쬮%C?z?"?妥딐9?7過邕횭妹i?7qvV??)yl탎뮮첋긐덵?D?ㅬ	Y?w?뿣?G?ev6bl;;퉥>P?G"~?詣?뮜f,N??l?[쐢蝟뗴캚u	?J^K?1塑?ⅴ?冪Dd?{퓢3건??8p#뱍뤿?@?>귅摺w)I?^M恝{?^?菌<^쐛?qou졷汀?8XT綿?%V?侊R?,렻? ?뎪'???E??pQㅎ5P???캥?裔:K	텅?>0?뱹홉균?퍟?쌋휅?'?궂덕?퍴L朱$??궐쌋?E?fiP냏S슗殖?㏝x?Zv?츎?*jk?O?S??)Y?_S땋D?M?#???쵇?? O답?K??m)ゆk?T?3[뒱퉐nKQu뗅rK답귵-畿試O댁P?-;??-y8휉h?`7㎩]?簪!峯?-+i해쐳wU未촨??㎩=??S^썊凉Rb뼝?畿AMe떞?bn??o9??三?%-{т?-y룉W?풎oY죎?푘띃??\s?%?沛x뀣nvR?풙볓 ?J>yr?꿰??<Y=?컕銳tlxDz?s뇒 #b푴덶????D"?댘툦?-[?턮?
훧(胸見饉?Z턪귀꿥貽?즾?@|퉖t恒?r땖Py.sR?귃?Ai훷mJ#wp쪗??\O????i퀭듶므~?®?{?y?=?祖빵??奪5洙JZc?,i??멄햱d?y?=?룔'개咽バ?d?Z#7??腱H捏깫쓬쩣"Qk??'뜜?濾Q6>R抄픿?鸚Y?믔?Go?y퓔#i?얼HZ#S렓5??K.?↗닼?킚촅9b]8?픈p>J?y???9?윕?듑툮?量펁?*x*T鑛??g?;??Zc??-퉣?Z#?돃O풒?>yto줱룯???9볉훔?i띁햇쇀??볉홴hg?졬v펫p??Z?놮'춵?:볉?E?h茂寄DKA?K?킚뷇?섲M?쑤5g㎻+?%?w?'三?앉퇃땆#f烱)?a`?푘?宏iY?淨[?R푖??-?純?P???橡?웍???? $뢩|D뉭宛新?돇{눊썜???En/w"??C솉쵫?楣?j淃??h?냄?팵幼?|v??犧ＥCfcx쌭m?j0掌7U귝W겯걽{:??36g몫?,j憩|,$?햩>R떩m뢻?계PR?X?]馮햩쭚輿톒??꼭漣E?,??]?햍@낝+뎔&윲긂뜧?햩???c꾊y??*k/雩u4vE눷'짃콚 yt0^'냮쓬?퉤＃?*滌Fgc'?Ｃ콚=?㎯e괮ｃ굳bi?&x?맃56;!;쏔?lⅱvtF턉?쮜릐y즅?z>둩꼍1?醴u缸?뷊[????휬?煽?V?b檢z.xbN?6h삙뼺?NN?朔?沐t?i9?ㅙiy숎L^㎩P剔@NN剛d?㎩p?x-N?6줈쐳껋\89-{I#NN鱇㉧速iy숎콼댁Q슌뽛J??儉E?qZR?9-顥돵삙뼺?vZ?rpJ큕픎N乾땶됖?y1솙e?[z箏샹궤ㅼ葉眞Y쬮]큫?쬮-Q鴦눋Ξ}vZ憑?g?쿀땑㎩b_в?k?T㎘U졣N???y札?
?$珥션Z?sZ削쒲벛쎍?珥,e붓珥폊a4	늙備fgμ??봺?}?u?O?쓳o紇?깰xv>?m???F?-???ш;?????퇠픱0>뫀K#y鬧%8뫽?컹?KR#y?탸「8KI?	???E?wIP?2K귘}北죋e2딠?p?;?#|%뚻Q倧뜒zK?2-뢉??쾼延y鋌룒?Y<?qN虜[돥롣B疾?퉸?異B똑?퉸%7d&R:E쓹?拾_ge-寓iY땙?-猶熟???欣?1?-k?auZ?M?y뮨홧?y|agu?쬹?K?mM댁?wM답싇?y=~힅뽛땶%麻堵z뫗?iy??亂뉼M早쐳琳궼쩵?+?줱?yK댁0H?왊(Qh?쌊?v#;-亭`깊?謨對쐳MQc見뉼N쇊9-k뭀답?텱?}?畿죠?畿???+9兩푖1?I?e숟뼁9-丁?侍섭?i돥??\磁%捿뎫??쒨?o???k?㎩%!a^∇HF羈쐳w`%欣?낔W듏??Z뻭?)?x^?댸?1????/??캁?檍ㅴ쬐뾱뮛?%군?돶퇧?yn댕긴W蝎힛/gc??/!??露?{흤?(8롹?AlgvV??퐨A뢶ＤAvw裔K頗먔턭n?A됦!왁?Ng?~?菲?#??N:$Cs뤚姐?$?{?l??d困${뒳KLf?꿩`{뒳문pO:d흆,?v묔Q놡걎O얄잿?꿩쇣{뒳|퐝?뵣둁?)껍퇡;?l?쐭?룙bG?q톭#?%톫'꼲좑?$뼮Q뉏?YW??k{?Y?0쓙??]??,?I뉗?<-η>??)쿀)o)쾛P?Rd?놌H:d?沕?^甚Cr勺uH?랣?넆G줱?뾐?"츙V쬮S4?썇??課C?q&뮫??茯엝훈z퍌ti쌥誦Ｗw&Z贄?´倂쭯?s&振}텶?鰻i謨p듨iy=붒群y처?-앃D?u?畿죈?i?uH顆C??:?힀㎿蔯얟z퍌7??/퇲?"頂??$쌑풏??-룖N:$程?:d뇉????q??#q~?/薪?0机vZ蔯D?R랤po'e뉫F퍬?F?I㎌!烱!噓?奢?뇯;Yr뇛쇏欽~|H\♀?勣Z숨?j櫛?뷈Z셔?n??"??e'Z쇳??n?律캹?I+?,z뼫??{겯뭐G쾺9鰒揀z첚%귤햩떁>*F??c돋g?$껞衷4?>5z??},,Y?:V?,靺?Xp璞?本?샹剌N?늠??#땧T碌???leT翕d?잭`??;삳Z?9魂&c折낢?한粟慨YＳ?족qt<?>>:?춰??l?쐫?
묓?+??+s멓ㅓZ싼)y-~,?벊鯨쓶춯?뵝-'嶪(뮨??@<:+칆앺?y싫王랲彊xp貪堵튰6뉆Mx
渴댁뒃;-{?uZ?#??Od進님N??k('㎩P<xvu줱뇡??씛??a쪫??畿???셤N乾EF?rZ?girZ^?+?쬮/;?N乾E餘???iy}믮c1%Zr쉝rZ텢	.쬮s-\뽊?툞?Y?넛쿀び9꾙튿限iy{?쬮#[!?講u?쓻w씙큫?o?;-+?bvZ? <끴엉넛蔯%o꾄?l씅뻛햺@f㎩=[/?涵?쐲?웵_뎎흠쒍/重봡뛲vFJ옅꿜榛G?;y|샬몏쁯."??j??/X??깙S??N?穡L|??읹レ<俄(?C>?iI:?娛-N홗┦.뎳/뺻C死pI4ly?줭뗋羽4?0?q巳fQLw"?빬셹o굩浪x?먡典뷓~q2?族6?e뗒?뗅?YI굌qFV"솸롂?;?)땰:N^뿈-좳I?uJ?밿M푖?귇Iy拒?臾촦뿷?Y? k?y鞋?YK@?-?GE~uZ^7??連뎎瘡눋D?S才충넝iYI羽愿?삿Q:-칔嫂???J?變?8껏CJ?寞묘N뛐?h畢杳?au?"m???q?닒?+1!데H뽀wK큕?sZ?潼x쉎???W?-?vK답MD???´tN답F♨iY??%?>듨?몣?JusI?s棚?i돿?"n?l!?:풒?꼼?-アB1kK얍볡?Z跌??形C뜎?/㎩=?j쓻?뾚듍밴?뒃*tH^?H憫S9P?D???E肅?Zr距+?퇶9dpxu9'[n쨡J6<?0믁z밹?M??"o꽸醵??퐤#P~H?k?l憔 C샥NB\t걗2╀끰쭟|?픳#행依額?$쾻f?먮얉 B줓??ｏ뵑Y?@{?y쑩??濩?#&d걀iO$O??肛%H??괗盲I괺Ga?$_~?몼{H?儡?귚利??틝l?휘謎뱇??ⓩ]?T?#1ⓩ?T?w휔庠#??8RP歆韓)ⓩF??;粱Dv휔弑#??y뻳,??$薩$A?????Are?*?Е<b	9*}G??q?r? J륺Nx$	?賁G??Z?n-?晋???PN=C딲焌I여碼??畿堊f㎩e??i뇩?a횙켧?紛3?ヵ?Av삱=?舞훣㎩?즷袒)*푖I귥??$坵8-[~_b혛뇸?~.I귚셰$A?w&???祠e????v?l)??{?6o??$??Ar`?d뇃?$Hm????$틄?뎑X??붑o?N퐴빞박;묚?7?5(享#yH{?뫢?{搾!陣땦6r?瘟뫏秘{\H뎪>좹??AO爬G=?芙?CO퇇吸c??M;淆?輟j?쌥v	?멎緖?V풳Ra?<?XT솝f컃??蔔,xs???접초?꺟뫠G?J@?흭O?싣웺乙1?휽戟?]9>??V?<???꼭g?겯嬌칰E??햩3쀟찭-?F吾?v^*s욀?;/뛏1`?:湃a?Zc{eh?le?꺫懶쇘淸l퍵p뗋粟\;?럸	룊v<6깹撫|ld榜??P6:!錢h?퍫r뾈g쨗7:$[cN?z"G헉쵨?찹??냃랲?&?롃F몞狂쫐0?뽛뎔I℡>嶠뉼?:쭼?v?-y㎬???9-E19-칦읅?-y各봦咸Ne㎩e??-,닔-y ?h렑D?防-奄-퉞hrZ6?쐆뉼Lx??G?堵&웃v\?珥펣7x??뭀掖?퉾<?rZ?2c{ビ?拂훘YIVea톖5눊泓-Ⅷ?t?u8?Na7wg?傳?5氷9德눋do?녯<,:텡?O햣낗줄ii=С??끯Y蕪p'%o?N줣6눺쌯V댘w?꼼櫃?,?9K?勍F&??T컷HG"?뗴컇?딃㈔?뙗?.읖됗a?qv⅜,N?E꼽Y흡:땽P쉞쓢.먆)8?\쐛?_y@?	댢.?컮
됃??I?;?굸	?.适R$훅Ix??걛",-걝W?O%??Y쐢쪛?킨h??쳥]CH
琴?꼿?o뫳k?꾦슸힃M쐩?^v>VE?턓흙Z?9#+?mM??棒쑝o2v?)//e믒YyO픈kI촥?M?x+ge)S샲쑏져??r??7s\S?耽_S??5?*뵱???뒴y츔5??셡)퍂GZb扮뻞昰xtK답丁뻞)?cl???wK답뎲[??'Z寧뮮[彰???O?籌렴??핍6o2릈涵聾샻?珥퍷紛-?O?m몪|뱭o??lq??~,뜸[鍊xm祈휅??e녝i9쟯?V>?齧쨺럂?#_N?wW;#{?張꾩QE9?暢tg#w듊쐧??dhP<~낞?;k,?9k?퍫?~?햣?鎚9?u'!7b;Q-}끲5>듀.J嘶>퍪}廢?唄9債?w?<철온/匿:?9?왥?F臨#>?i뚕T쮪P?cD?O４m?룊v?q}?蕨??챿\?g??}O??7?툠8챿< <챿펬BT?▧뉿?<A?N?O炘?粒W뽀툢?H9?뇺쭨t뛑H9in?R菩s)n災a;?귧Hqs鳩?n?宛*#싁툢?너?)n?퐥7?a8▧hs퇒?혉?'뻁?GT벋<팠飄:▧휭劉,7?믅??Ye쾅UF?8믅?횗h??쳫룳2??K??답?3?맴9?룰8-墓;#-1?&Z둍炚H홼X? 쏲eDE?답쉻3챿(웾??&Z뼐?-첐TF찠hY巽???gn⊙썫|???잵V&三텀????T?키3찈%:?줱뛶?r25┐??j???$?Z??슊툷??(抉S썬]툃챮?徇NK??U>?仍稔뵜볅瘢붶Y??粮	YsS{??t휂????줻n\칸d?EL세C?????~?퇎禱兇쎵4좺[械?藉??왹V줕?퐊跋줘d?lV풢E룭L???Y`C?,8bL陸?겯?w컓綏?d곔踪Z???
촾|,뚿>I삍?X潼G??疊?O?|캓??~,:?},뫙瞬d괉揮??丈`1?\?#銹º퐲ⓛ켜襪텛짃콚!y즱?jnu2v2?t4枕홮q6??:?S덫圖:
?허u똂F豫u??펞쾶?N뒏롁Vf
뚋힁Z`믵 y\?f?&[?wN^&쁸붨?qR?g?G?^뽏癎?;,[QlG쬮S?'쬮k顧N???3O볆?붩麥뉼%?&㎩e?9볆?JL덺N更FV;-/Г씄뽻궯㏆큞뒢뻠쓻랉뢓N慨?;-NN??㎘m?9-칔족rrZ?C쩋;\>f'쬮}휪h穗펧t?域섭齡?-碇Bq??'|MN皆?쬮%}s덂e眷?y'??0篠J쬮%[8??|?E??㎞쎤?w坂這1曺仄9E??M?娑)妥텑?i;Y?K史hvV흇?쳒?1G7J?;#94쁂補盞曠s冒蛋?r6b?;鍾0;Q/?e肢?l v뽡?vm:깙?b逈昇瑩?C?
?jq<z?횻뇿L?芽?胞寮꽵둋[;鮎?뉋m괛q^l易na);:-렺Rf?청MYfn㎗? ^..?D???K<1譽?FG~q4슳?m뇶5:뙣ㄿ??楯0?B99뚙G?놯.?YK焉뵶9쳒?뎷M텻紺Z0?姿펶+훠?}㎩u-<>=ekxc?쩵唜^S푺w?S짝터녧뵳??쬵d?0A?MI퉏)k3?)m3p[簡pqM?땞?헽??^?v?y앤셡???뗐FZb갭%ZJ;в쾼꽜iy/쇆LxJ밉牢쀍ii<6쬮%낼6㎩=B??뮈uK큕1rK?yY&Z2苾D?or?웼??=7?三?9?-륄'三C?K?o쇃%?롄?oY?isZ織?놋?袍?震l??퍫?
?ㅇy?댒yFpH綠쵎쀓궁h?聾6_[?6I?^!E췰抽?侁W ".????ic寔+켸(遍	?虞?v?~3^!꺙?퍬핿?菴첸k?.???? ?Otr?9??v? ??}?`?뎰焞-틻j훞뤯깠켭??}?J띹v??.?쩎t;?5btOR#뤁??죊?㈀B쪀?Ｌ?&x壑촽?rn???摺봚+究i?귞
??<w列綽?u8應(2[?Z??o{8!쎻?K??4?N?止擎?瘙?象숉?躪U^?嘉J??9?w牀p?,?E유錠Z믒<^kl?霞V틈#?j|뀝6?y&?S뛛坮S첄?雌Q뵦1{
?숑:?レ)x??귞옑괠T?k?J5푑?:y?h??g톺9???{軋S???쇊'Z梔*9?9즫짽#/|;-y樸멻?pZ뼠??-숙8?綺8b첄W쪻c껓?R?헣け?????섂-G℡긳??a=쥝?랣K<x$Z??$ZV?;$4y꿼℡??浪퓱?쾕?㈕K&GJ5r
?e???v敲뢇?솧?4玄L슏N??g詐&윪??3??긶??힂~P瘢?循??xI턵꼽O駱봪?Bo8&7N'd?p>?t캄??埃줻똖括EO?~v?쑢웚??0?훳曉,??S???7폤됴?뻡퇆항?x冬{뻡硫7?h隘?`놜-1?,퇻?,Z\??m???-?)|?E??롢>V땆|?괙?6잲{"?>5?步?Z?뻯?냖<1k?꼭塢u컃까?컓a~枉?燔샅?>Y`m?`줆e午u^뜭?I?땖m? ?誹^?즱벑移f쯸0i蝦쐨?v8<1쬬1A耶繩븶間|,뿈/?쾿▥?l氏8$D쾍uH뚯Xu?涵??w?롂2?쩾꼍?겵A渺:恍N艱ⅲ꼬돋늮pV七?8,? ^쬮w{좷}tZ?툗N皆?핹?굁U쬮?x-N檢?EptZ뺾뎙U쬮?PE珥?i둡콼㈏?Z^7??貌&뚜i?헱tZv쀣퍼늘o툽^㎩ut쩏㎩e?쯁뽡?y銷iy?ratZ뼓梗?-?쓻?_K쬮Y%륅샯쾿?L엁놢?퉾<wnL푘청줉뺼z쬠큳I꺈抑뉼?d進눋E79-?|rZ뺹K탟?	3Ⅸ晧귩x?Yv箏,護?:-?껤볆???i?&??썫뷤患N걫콻?忖멋)?菹Y쿹?昰뚰??볆뫉&벓#?툚?T쿳q$?m-P?|?覃:긒p?쉩鑽瘢?꽐??OsN 설?곾롇?a뜱?A닀?겙측oN ?퀍?殄렺2??눀綽?눇(?늖?푔랣9(?~뵊E??팝꼠?뗗	톶; ??촉뙹膚gcqL'댴j'W떏죦벛W?Y4xX찳n#?뽨6?rNnc뤵?쬮?B빉袒섁쥾?6?쯡塗R??]닒끕*y춚z학좿-??Z瞭?Z6ЬN킈e??룘vZ??쐳딜?N?쪯,N??域Д?qZ濂뎖qZZ翩??냔 쎎??綬??냼ビ??햢:1V쬮퉏맛?y]:뒲袒t깵붫iY??-kYG?-ki?-읲쑥w?뗔iY??-k?쵳倨?Z???b?(@?'?숮뭥咸w?i3w麓[?#?-?	U끝썼協켮;샂뙹쓻?a쏔?Y6胄t狐x???풚빞G帙ㅴ\昴9?=퉄묬첨3쾎?꿍m伽댼⒯K漱??+쪤???,꽴??%m|訣y?癖坂?쾢??@^깊O?b?TW?%?2꾎n崖?e[H>?o?獅건믢?d켮N>b풼J>VXQ?知??뮀-/?'?[J>??&18?8??뱩堯o)쒏謝-9?^?꺢?-&q$?D?l?s{?ss4뻶F?즱홍? eK?뱩?*%k斅?鰕N{J>v,?롽咳押S턬?큅1鰕떊S?럲뮀\r??;?知C(???묜p싀?畿핪?h?뗷DKy?-??-Kj _?퐭~?%?때?G??풻6aO?{L>쥚뇻?뤣??턬㎗`zㅴ#럵|??J>沈?ㅴ?qq콴#썶???뱩T)??롂G玭쐮?v+1?묏#??K??:R?t?閑??슅픅Z塵귾K?|??G줱흿윊??꿲$??f쳪?v?㏛c??|腋@gJ>v?;%??||跣?S知??끞=
g?駟()칇/R?썬X	=쓷=?gP?쯔~꺜냤l $f+括G遣쑢쀄Z????촼뭇s멒Z얧E?Z훢쭭?濬0d	wx륗爆?릔W?뱎W~淃A?f筆掌思?뭵?퐉z??6뗚<n-~	?핾굓컓pJ2깈K?쿒겯縣,xL??퓸|???3>	=f	?M샒?Z컙;X`람킾n?~,廛??쪏_'tz풦?袋??寸t??>\?詠?렶畯善-ZY봰*k떮뵦혦?EM쫼??xb튑?쐧?혔렾?첾?쾖콚up<^6=韋du9캸k뫷q^,1vH^6O?펚?dwP^룈E힟葛?庾黍|?~o쐲噫?뼺lk쐳??롅褻鉅세.C뮺괊석o??.Z롆㎤9g? ~?evh啄?슺d/F뉑朮깬8&h쾍dL?1?싌?됖髓|?뽍:3윸ptd>쪣2:1읱g클傾c헷燼쇱/w돔롅a澮뉼Ns鼎袒??-N?%?㎩鄒?험??Hiy?솟;畿횑震?큇8-쁜???+混큞o/tbG쬮+슂??헰J.?짔?杳lh쐺뼏	딳쓻?퉻袒퉆HiY??E絮?R浦??펌쁢셊 浜?E泄?綎?/?쑰땉?9-?'^?Lxx勵큕둓걬삻윘뵜숥롪?꾝8MirF>x3??rL??=99;91*얙?zn}顆?$^芭
Sp쿎19慨c봼:件4q,뻉떒틕	oo겥姚?w????-??[꺖?[???콰쑑??공짖刷X,]xb팬?/뙞?~?헝s흛頃x]V? 흙M??#眷쁂?p?샎싻!???鑛墾쉔흎Y&??8+l茱,;줢㏐눋o?pIN$?쀅i???-쏅뇤
R쬮{팧	rqZ?]쐳子F?qZ^&|뱷뽛탋]???^앙?:釣_쐳뜡뻋擧 rqZ뼚Kt憤뷣乾퀑'域ln5?.N??Kよ4,?%퀑뭞:~+뾗頭?Y쐳e??쓻쩛뀣N乾(,?!7텅rc??7???녭k?룢[쓻e??쓻?)틁7刷獪눋%?쓻?C?빟툳gMu?色T瀑릸k?&죽HK?Y쓻?됵X?樺k???빣?辱Н_%?三C擲N改??푘介}쬮%SC床톎?|?kL쓻뷿?쬓??듒ym?E?^-#q誹??? 퍾$?찍P?/蛤ъ碎??^%쮜(?粮昰\粮	뭥?孼tО??T?Y|H|j됆맿C嚆S>밁>봨碗콃/ 糟??@??m	깭쌥酊Fm??긹즓B=?&$Y???%$y쎜뽯4xb)!???N	?:?@?禮o/L컇떐럚0?胱?嶝?흦$RpB녨u쭧耿蒲4?-;뛷b)컁나4끮OD?ぺ칲N!6?討R~qM쐳子??&½uZ^&?8%${~.)!務n?%$^=?뭮?珥ld推??n쭊d힃?b?1빵?악???쾀?吸,vN	?퇄쭊$g깟삉??!咸?N乾&?뽑콨kO댁깥?답/G줱誡?-?)!?%$^??뵒?`똲쨪d끑?뮖랳	I?;쐳鏤?GJH??鸞?????M?w쬮s??JH?&Q똽Q?h)R?먯q0?h)+췚B??|?밾?롣[?,뻘r}?7왲??숔?믵;S$?냛듒yX?"q^?쪯퍯혵)o欄9S$G?q???堵돜g掛]?i'?w???%Y?<Jd??0[q냚 9Z걒S뭄굿떴譚?z?틕g(i쥵<퀹~p>H????4珀A?f?몐_러^J??????6뗚?汚쫲l?,z灌쨇`?O?F?.~??L>N샡?X鄧?->紮괙꺬推긂??괙룕쀉1?꼭??u`?M겯v뾬꺟]瓆?거港t????딭L?쇊낛me?0뜢3힄N?툯1텆콝괜깛굵=?=8;?68?V펊??N핌꾴i;땳l??; ?꺸苗??<1Gd{}뀔휏묓쵣a丕릐e$煤?[삿Z뱱	웠炚疑굢㉰Ay]>?'嶪{???~狂?GW8,[杳48-[i?쓻?a쓻춸퇖쬮k뭞쬮'%댮i?背兀?G2&Z6닂1??뙃?뼷'Z?	넛쾿a찾袒5?堵:
fL큞?-y쁥?UＳ什趙?tZv?eL?b~aL큞?-[쐝;&ZV|?뼩?쓻쪝닓顚,??쬮#繡)?\퀦줼돒?찌?넂?u_?.봵Z뻴エcuZ^X룛顚킍?袒gC쬮i	A돪堵!)?끴&?쬮%牆볆쾼q=볆껼?컭?g츻??R?n?界B琓삵C?Q貼꼋)擡|?ur:?u4bT?/u?E栢?Eゃ컕??v #Gb솋떜]G"????뻢;_?2;
_???귝?됬??9걧eNs!G3퀍걷pŁｐ"4냼냉???촥腎@촂?;+撫3(J꺢컓k爭꺊L위?,??랦k옗릹雜K(?폋?Y<描<?-洸髓巢쨄?믙호???돷;珌(puV^&XEZ쐳E?[쁨꾗쬮渺?域?_깽♨]?Umx??<?Iu?]R?v뾛퉍	}*釜?㏀?v㎘엊N?꿐董~bO$믨7\??y휤(puZ^&ЪM답?k
뀐?9?줩S?{썭뼲4벼몪??쭄??뀝6?^蹙?H뇝??죀S뀤볥k??[-웊뛜쓻藥/惟`?9??k?玖^-[L츎?칪Oξ埰k챬s눳?Knr]뱋喊츝????y-?콧?L董핺役??1숎vZVR$|쬑?:$庭	$뼉C??:곺쇌??꺲;o赳x눽/,wJrη?按땧 $복檉Mb펙"o^X?D0??쁶*磻n?|?뇒GC젌뤝I닱먷?@?享潘?鷺?7J愛Q???鞏'RX쭫\뀽뤇alN>v`텗휉???9?J??뗘?%?y4A?玲???텣컥u뗺G?o)X???yy??X???m)X？??[?;^t????D]쿻2E?伺쒝뤁?E胴~낍덝갢?#jL운)??때덝???V쇙?턈??<?Q?兜SD芙?F獨>E?亥{l??煤꼮=E萄?D띮?"?康SD歆?E?tu?Q??lx헎?rS??麻y$Z턼bG℡?G????Y5쌺?S랣K뻴돃쾲8畿쫓dG????옉|ㆌ，:륒G辭쐆喊썲켣촤d㎩?짓??Y?ㆌc꿳?h?벭iYK쁯D?Oe조tP9(떩???K??K^챱D?u?枰o??☎M?+閏??g?뒉6?Y;s?c꿂둑$Ed?q8音쓹O^뉗쨊??X>C??쓳FF?꼰p??Na8??q7+?突?sc稱t*b릖:y揷?ax뒍[₄짇졻?╈?띩6?매易졻n?Q??B흊?x뷂6?쌗m8렇韋높厓球愆太겡왂壁?@?詰 ?
?^?逐_쁉蝦_iQ?,*??K퓽샙y<+변_??풪?좡W?X쀿:裳o?컰??y??잱泰괰M?,:?튙턲P쿀IV ?适"휕q촣컩I?벐?J꺝???+볭Gb{팧9tp*^G??lD?8?8YT98!?|?멷m?i씃귽?)d?퇊簽?8&開M<1????,i?눵g뫟ｒ:
f?geI꺤~?뱈?퇊??Z뽫??K燕i뎇?畿jQ傲눋e鍊눋o~?쬮-MRＳ?햂аiYK	dtZ뼃9↘vn?쓻듯걐Z?쁷?-1?&Zr냣L큕?ztZ뼾⊂(쓻??G쬮? 똆qZ^o2?Ｓ?q?i?紛ii錮c?W꽁D?zJc?薩)?<vrZ閔漑iY?禪iY?됇ii?&㎘쩇'쬮1A씟袒?或뉼$~.N?믞볆職ザC?윢????땩꺣)?x;Fb?9!y?퍲?섳훤?q始dr2b?r,?r&?wr ??C涍8
Q?쏤曉응챿턉?젨9V,?s?1V쐝퓞윸9x뗹썮?"??X?CT띬?켬쇘茉唎?5?p秩>텐?/윋?+?>n???f'_?i'+?G+촧g_뉟꾸涑c?v狹삉?O뙕 o?????v폋8y?뻕:?N율g턱핁瑀쓡E??궅줴$|훨旽YX빈?N?8a缶債q訊?j0,]\R╉앢?袒h=뷲?l놧fK뾗댾?Kつ?dI??벡Z뙩폨힀FKてp釵믅15썶z핍k뒜kL츎뼹ej뜶훟?h?ⓙ3太?턍f?f~"a?3??턍/^}쓇f?췕?뛅i속?>휎珥촥c?h?뱆℡떙흃ya쫧뿹?K?츎??홱?K큞剽-셛k℡쬌츎??-+tH綠W꺾6?X?;)탔9蝦n晥SR?;#9?;!y@漁鰕;T쳙gy쮃??QcG?T^?檉C綏?<HL?Y}x?嗇;?=E登鐸??Pg직"뵥?豁??U?碗C묧<륗<??K]먽?/xK섵5r?穩o⊆똀?쾲횝-dyr?줐?콷5T쒤??;w?b%hs役曝?붝쇬`셵YD~뿙y열?옡퐛,"f?쭪?v匿58?뚼텗E??>왨??攷?G춎)6췟P셚c?折?쎉C롉켬!피箔봊lY?2?_~?晋?ek뙽?IdA?2뎩S쬵슕???開?sg?b?70쬙b낒?&珠*挺?掠=탬<?O켻誡?l\c兎얺c냄해쁰멳?+?l,&돃5FG?????G??b??럹I??뱢J?ID욺H쇓?룘I|b;?2덼뚒랣K刮1벷GI답t?3됾?쐳턊?섵料&Z압>-{?쁈쿵?3둂렽?J럹I癌K줱흮?K領??깔?遂J裟~?"?Nㅌ즅}:)Yw:'{V?% ??꼴逢?X:C6??Y習峀s#?tq끼;d?쐥?쐛돹?뫁?뉓<쒷C^z왴s寥Cw?僻???弘?/?_?累?累F?m`뗙_,쓓晸???T?쎠OR?《K㉪釐럦扼?j?5耿7頗隧J겯冽-껆A?#??R?a雲pw??꼭裳'햩G??0;?꼭뇌<]턑}몠갨졑?}?0뺭u꼭팃o塢m?舜屍d걨體접A?`紂?긯롑eB븻2??*>띗?猷'c+꺫cwk1?8{??|^@g身z[pK??k1?8?N?렿㎢o曠嶺a做쿁붔??Y18"삳(㉳uFv?렻뮡t?No?1Y煉뒯??뷀?D魚ㅌ?E깵쾿齒햊猫j~.騫??l놰?I쬮#昰?y솧?&Z?<&Zえ:=?:-?귕i木'itZ?%utZ^?/?Z劉;-YQ6:-Y?:-뎻N乾끷譽큞$?:-?Ca?hYc엟L큕?tZ6쭝?杳:?F㎩?";-쎴앭?踞튰"???㎩嶪州q쬮}}?떻＜LdrZ>$혴쐳j穗4?귧?.;-꾑kJa??S듇?RM?{?堵??Π뼜f뫩ii辛'쬮?둨w쬮Y?購i?.&g%?S %?'?O콦쐮"??6QNN?5閏?앏몭?風// 變Gt"砥Z햐uGeP氓@F랣?;建HVa썖翌v 푦꾜?devr?vrZbN 뵩?x??@Xa푥N 按糟AXLPx?,?Q熢0,wh?,S'增덂쿨ut$^G涑%@Q슒?EY4;?8;/L궷렿廊????B)?Ιm?}Kre?rY肢8#kiR[쐭??딺쿀!t땣껸重붎I?뤰燧퍵X툦귥〈8-?曄??M쐳덮?쬮-낙쬮夢**l-y뫼?7?덮?W?T틧?쯸??*?y?ま初?R風E?I?풻?Sc켴MA6??K씗돃->?畿gQm
???흑才?i/耿?&(DuZ뼏_T罵Q"밯쬮于?K?5크쭁製?殉IAk챧7?=퉧佈쉎???~b돃^?釜??/쏽?Z???k?o?㉪&三챦?|?????1?碌!퓉賊?l똸;-_????(u?l庫 Y脾??;#y휩	??@? []6L{퐙'5릲???7??湯멺?옃?舞쿳.#>?@멶椅?疊싢음俉
멡(솾뢪붩?믉椧+겐 綵[?什?>?녅#?m!?y??YY賊{?8ey ?퀚펎:?x蹊?巾[?r?r럚禮쭨#'7?\I?r	y?Gt쓺봰촞v3??^a居?!v6l)녇瑟?털OV윦&H췲障?篁냐慄Xd促?휵憊x?6hw>6?름?GQ{?쿇eOG얝?'疆 Y}r겮,<eE캒2렯똣O1?Ψ)놄X쵝b?#?털-NR?毗?쁰켑?ee]t뒦Y껴쭔c??2롮퇘)蒔:?fY킌h쾹봰ly???9莢倡z럵q|???+ZG??9ey豚??7;R튿??2?떌S힢럲2?.8b?{쫸D?S"G??b?[?D??'Z玲?f1썄$Z?-|?v훻#?????~-S?7d씝쉷????Qw??f? ~?t{?=쇈'?M릛?쐸 ?}┢#홠?쌢'e뤅相9?톱봪Y휷*?첒걦,?tdmu댖Y\??9퐂今舌뜥륄!??!??8?岩孱岩?쾗_A?f艦依數$房?&?쾚;觸욀:n얐6뗟♩?X닢N烹l??{<z?놪?꿪?섶t뙊螺??l룅B偈접헀"읛c??A潾E:+z푅瀑~??劣`Qc捺썋w??|웁_衒%?l톒0B?-?宏꾹?竿"??힟F N??c쳘굘벑?d?{볇:{??녭N혠痔?껁굳?潭?LD띤&5턙N?칼?꼍`꼘?꼍=0믉斫7?杳x뀁?,jO??#e濫竪8)[!魚?:L?럟?햌?aH답Ecc?諪-挺R0:-?e쭼?Z첛㎩e궘닧堵??쓻琵롟sZ띵?N皆훩a눵G(뛐乾홳믍i謨걷?Y콩慓쓻?X등님?-땳횃홵k닧袒슉=?N?t쁟?웠N?쁈쓻袞됤MvZ^?턦뚆녹y?t-1?:-K?u욼K?;-m{蒲?&㉱uZ^&삖솢뼲촫슌뼢펳w?馝<X펊NK?9-ms雪뉼bC?㎼뼙?b?ｕ?Y&q膝tZV쥖솢?,9O狂왰?R秦牒U?wJr폾
?''d턴劈?磻t촞閭l휅쥑`쿤或T?훿D쓋??e煙?F?Q#;9쮽쓦O倦i蝨?켸퍱?흇+f?k꼎㏅U??r?쪸??/쥃つ?X&瑄;UJ?,	?:	/꾤?,??G1퐒驃粥?D?슍덭 긄q,V籠62JO핐凰놏㎽_칸쪲(談童%Tin?N?쳫?}匙K??揀3Y쐭?/vJ?E앓Z0뎬8)/е/狂"?퐒xa걍~I?'OH????Z?-?S퀞:UlX낱휅?뻋쿶Y췃?=?Kぺ祭%뻧P?-똴?Y
i慓-kT 쵏???'h??햞뒶ukv8
~뫷]왈!YSt藁p?]?褥?봤2??녨y;-Kc?쓻?촉O답k줱뜞?h)c-툫?Z?$O?`엋M답?k줱???<?M뉼냈=?V;麓[?!??pZV뭹눧▦?쩰댙o?퍬?缸↙N'넂P??{눱?o'%?橡???IN燦Cu쌣)Tkxvⓘ?
??퐴?땩1류17叱"n????쿤炫i?쾥p濬wb燎.#?x:!??隧폳?표?|n怏{b쾛>?:덖 뜼襟깯?럹?혩톧뇙#~?햇KH[*쁠晙른콻끃?????GEo)蓉ふ-&男?耐bipJ:VH?%+?m9??や??%;썝??[
즭귒뼿?/?끧?pwB뻯 J쓯?{J:v펉9%?펣OI??S肋됿?%yL?뭿-K?耐?jOI??{J:寺慇S?鯖)뚲XM쑣?W믁q?홫~ab?윧0Z6꺌0튓OvOa큚?耐}?뱨<?%[????돃-?Z漬?%;索썟렡?락`#?뭿O뽗&Z??鸞槨??홤??)?[셛?%%GJ:쾈?큞伉#-y???뢈?~_랣K?=-{
q$Zv?qDZ?-k^Ji?쿒L:????9-yT?뭿-&텖봳??┐c뤶?S耐홒?뭿=F|gJ:r줬Lっk~볦?F課;О?&遜k?H>?r?^쭞꿰?d5H)茂업??횦??쓯5풱걥?!箸
?줻??憐/玎T鄂4x뢆C8놕[?y?????尻섫?掌?뉙쐈쉖;硝/???6뗟? 힣Z컓??2?쎳?좍봻E??v,X,?계곧?컓">U떜?왛g?샷拗t|?v?,j?풧퓽P繪`炷{??M疵햩??畜W?斯p???/??襤ⓞT蓼]EnxGcu왹畸뛘셡놺?틀9\턬첤#y?汐l홂Qm ds繩2C@ㆅ>뮫쭰?뵅?@y????58+잧k뾁쵧뾷pZv2쫚p\v累냃l?Q㏂?fI??木V샔뫹??sfv?484;?85뗜_童?cRypn떱퐴1qS?;7[?1:7?혇L헐u??x?W츮내?둮gf뺙楔몑?캁vb^'녆 ??
f뉷?+=sｃ꿱毗(N乾??Ｓ껨?Z떰A;鸞롩???Ｓ꼇쓩?qZv¸-9C<&Z震ⓔi?g篩??Qo??+?쒵페er?rZ^nk몵뽹?졷?YLD쏀&펤mrZ濂CkrZ>?힋N?겺?Z>D?9-땮O?YJp㉿N?^K듏;^쳹찐놅X듑Y?9-?brV梔?릳u?텍N???껗?'d끶옖?z볆굿8br6珀m쉥xS쓪펰??里<|冬?充/0r&?j?>뗙y?쫎?O쉩?蘇??f????矯怏z?쾖N懷默WI"rN쇚;?p^&쏦w
?!쓿适쾺Gvm㏈8
?ex?hh+?o=?p"V?????떁띒渴-6촂v:?繫쵊?脆.1뗬^蠟??,???(K뒴Y〔8!K??竗?-)띨?[쐯W?[78?qV^AoZwZ6뭺\쐳딜.N疆휞vm팇?旽iY_鄂?J7/쵖/N開?域촲5?vZ^&X땂쐳?♬w??KS?Z푰㈀袒l딞셝뒴??텅賄?턭?를曼?墅눋e-헛눼EYビ?? 櫚눋E濂┺?J??Q밉쾙措쏆?H햧uZ??뻿?L探돃펾l뜶D沚⒝睾?畿試O븂6З董`善쫅룹@O퇀;?麓[rAiM눋剽쓻??뉮??퀩뽚?軸健A5f(wK??蕨N?풒挺
?;?U촺뤞@턷[?없?b妖ㅼz檉U珀m?歷?뫸5?B>Xtbo?퐴렗푮4"伸?>? E?"徇놮?g!꼴9?D?횩o?Щ+뙾u,)灘F括'
m!뵈L艦懷r?ぶ,yG^4?H???톭닖u??椧-?y??疹p?O앳r?턬땅촣?봴숍?Y?욤)矣잤?쾸:??r븈K?群?넇c徑/? ?챁?X뒠:z??뽐섵씍S굳")o눜z???諒cG?졼?"狀|lMT?le잽?,?W?lㅧfOqt떉멓IY康?턺O<?싘妬%可?탩讒?턺"D뢲4_K뒩?  턺<?Oq徹콕	}쾜;?엊Gw烏?隆bJ?Y?肖1?⊇뫐럚^9쑓렯$?YG^k씞렯?YG욂y칵#?G?智?v替?㎘%?쬮I냻x;闊俎꼡????巨S?T?矣饍2鸞낂?t針?漂댋훀?j4wL?돃"DO답b?i돿恢눋췿?´쵀N눋x퀂댒o?C록e??u???$?쾸<?YG^?━c떯?e+,텪I꺢줟㎩뱩細馹?:)敭C-쌹	8%?y룖償읚뷄bo??y僭?w? '#um壽쏞?웎 "射i? 攝&攝?U]?????B?蓆So???`놜-믷Bk컓＼?,d傭Y봧?^u?{靈`핿+?R떜?嫡프굸?,툃?Onvh},j蹠>,?X<??X???캵楕`?^?`젓컁M?꺫定칟菱?a?撤?>8o쎴?됨?%?뜼녨a;栢쓚??香'c?*K룀꾤廣取륣룀ㅗ픟p:뗏裡?낓躇헨V규?y??껜d?뫷s질馥??T;$[?8%??굽1?zmpNv2?pPv?쐱晞C帽쏊桭햊??pX値丞햕?쥄tZ?MdtZ??뀄`궅婆뉼?BitZ^&?;-{P<:-????~htZv2xtZvR?-툪gtZ6콽hL답?Ｓ?
텠뤚??進Q枳?퉼<?L>%O밪蝦뮾샎J^<8&럴C톑L~?뱎ct,y뻹袒邇촉O?ox쓻?&L&쬮	?f辱|?샡ii煇볆껜?-K핲d?"延?離캼rZ??uvZ^&퍭?YI償芽촂!49-+i퍡쐳E(쾚3a??穉''e?逝?b쾩
?祇?p棚??쇛???w둕?췪L햶훛v,2췀됗<?;99??뜄밼?0r"V2[iv"푑뼒쾺w?'?用C蓑1'潗??횒9胄?`N<?g4'?☆yX??쓧?썭뎼[?|㎮Cb뉄번맽텐륶s`辰e??펿?v豫Cj?+鑛??5???Vp눂좠큵J?좞3y뢺X;-?헋社=?N?ウ뽨=r줶qZ^>*?뻋탴}沕l昶?u?롫_R松?喬눼.셔iy?L .돃-?뺻K??Z疹??6]'Zr?Z>1?-K?쓻?X쐳W|딂[쐳?or뒿?뒿y긷뭕?ΟN?ft츽K???yo넛쿀읲愿촲:뒲袒??쬮?좛?Y??鸞??-;醴'Z6쇤:畿a꿷줱菰??쏟5??O답衰k´?Z????k?Y큷휩F8$?迎?向??뱋V쬮%亮5?檳w?巒?구哮?욺뭮듑搖푌;??쐳/?퓷빍S??嚥쓶\?뉪v폚?끆죞촙;4綢?G쒔걤<??a㎔膀X?j쬫?紡3}럚(浪n}
⅓??Q? 덄???
n}끠???X퍚薪?P??텗궲*?S먫%o)昰R?R?펏[LA???y{JAv?S
R酋족??돶?틝펲=?乏$7길Kn쥦$7Q??$o
?Hd??Y?쏲~a쐫묋n)?》PЧ\+lPNlY0쏳?价S
振'뻉륮???y헅굁얳랫좞랡????㉵?-k{??J?
첒셔9u뢵?O???-?E<1쬮쎼F6㎘?쬮-돈=뵴o=칌O)??O?窒쬿윓e鼠庇?簪?拉얬륮頸???뱄?)H얲x??쪧)舞귗봻?G?k?D?2鰕늙k??럵귚??e{LA"?X걍?큞0?$?냥G?;LB??,oc-?푘뗿?|K?u$三?親렬崎덂mL@굴?#R
뮵??EB쌪?녃gJA턼볁봻?cgLAbX}?$焰?괺}??윢?瑕椽??鍊)Hs?궲伴R먫궃?nP???쭌I쾩??싫3p뫓????O9쓧2햦?＇?Kqg?e룁SQr肉중졽~???깚[械
ジ?]?卓oCPr坊롓?s信/캹讀a낈`햴쇽`?d[겯?{계??/TD엏Q??},^訛}?e=뢔廓_?]푤접휧?햩W??쓑?B-櫶ｗ危d곻?細Z猾~,*T?벍?珊냈而???,X?X4섃쑘子헗뵷Ek낓!쟒Z?'辰LX?,?恙N??렾?┒墨솨Y耿p|?潭橒뉘?헒u볫?웉쐝??N흙&퀔#꼬??쿁鷺??0??a振/똲?Rf言
秩?붦?뻳f狂껙앯88-ヒ?b??N?쵟깈z쌕宛|??뙉傾퓭??3?뚋?4핉筐?Fg??픔L^7&f?먈셺??0:3삳??gfw{쟯<:3;셓=:3??fgfwk?d?%럔밹Y示한쇮?紛셖???-|붶\>?93[뤚슨?隣_V!?競穉?<?/?^Z洪訝,?Y??t&헌ut~&쬮)調QR入헶???1??J??숽涍@?rZV2쾧rZV꼲mrZV?nrZ?炚i?1{?1굺)?>9'?씄뮠Z쐺뫽?9!?7?+MSp(켽yr6bwr0? ?E볿:1?;]iBCQ?1R챋?콙.솝셓궊???gb慂GY?콙숔??씳쏆L|縫?w&>d??,s⑾&;딫M쐣?썭딏?5涎텀?싵弟fx`勝???R앛?剛zvB?듞쓳톼@퇣?개껖2A?vV>ㅸ?.?u	휇{I?璘&뮛???x뗒꺼G?쐳率뢞싂iyy??mqZ6쾞qqZ6?얣8/5??㎩EV[;-/럂?I답?hYchI?콃´,3O?瓆흃i벾쬮sk便tZ?뵀i?天8-?왿??뗒쾻겗ビ?
&h?駱y;귓꽐?粱??Y쓻%C곴Q쬮?댷a쬮y?悳&?츽腱{Mw曝?oM???Z>x2|´?O답컈uZ^>F邊堵2헆麥?옊h틕倍O?Y??績뛠>w굣迲X쓻%?O??5?o???犬츽開?쉗7??疆?뤴?픂搗g웊듒k?쬓?g?뎉샩~쬓??듒酊y}뉪7&왺죸껈겥벒휚???n?r??I $怜奢G?풚?佺l닫否蜂)R닫?캷.??꾟6?Ba>`U??v?뀘!혌Ｄ?6do뎰펢iK???끙4q걱幀??늚?6걅1#??뮳얷K?s[???f$准돼?咳[뙮Y|쓇??[뒻9]?????>콛뫊??캂K??[촫o1#돮?셕뺾"쨲ㅼ췔5?色=爛9砲SF뮲f?c땼:텍뼩?뼝	M{뒻y會얺?U?#?e$fv쬮#퐰뿐?.ВOm?lkwZ6뮀???k퍌	?w㎩u?휫Ce[??f桎?댴3?騫?焚욠建|bN?了慈?홉?~/??G?쒼嬅pZ^G즉?2뮳?Il?-{辭쌺)꿱D?/??z뼩쫵d?쐱뫜?v쨲$):bF}?e$)#yG?H?o?:b?3_???KG췾쥺?1?훚7?뙻%웊?Y?$捿?	F롣[??蠣딑$쬳?쯇w먷젣)?펓??{?$펓?6xb)?醬tZ쒼{녯r쑧~?$涅國W?i쬭땳?x붩?묮??'??뽂뇂F쭞켦]탎멣ㄷS켃??~僅}휊;T놉?뉏?J情??M?Pz뗙_agw蚌?4颱읶?㎌5播S춂오fQ쎳???U딹d퇸녽О맼?꿧G겯O刺WP렽??O廖8X숀뉫뎍큃琸4Z槿爾`??:튚_暴{y~??행?_??_|벍?珊쿍O沼`炷傅햩쌺H?퀔껗텞?AY[R?歿每*?N튑?똄?쀯d|?潢렾읚츀f?D쮡j렿攸F走08 モZ즻#砥?B귽?망1漢=??펚j쑜18*_??g?:?뉐e?턁뺼?Gq\쑈?p^퐻?80?즉魏홑癎:|쉀됤D緝玲i皎zZl??iy씚[홮??蓀僚|죙湳볛?g?폞gg9딮#<y仰?G7c兆l0??Ya?:;읱]CE?采??:9??2:8윿?系d?隸S?c?땇?맴SuF隸SV뤟汨 <1隸SJ몿c냄?購⁴봘A쥳넋l짙$g纘[?솣??셒8?잤?췖 jM솙	┰'Gf#駟握l.?????U煬y?q?訊!P슌뻛?
h깾y{a챯
렑?╆g?t礖??8봰rZVR뇾-y燭놋돘????l?밪꿩투?寂엩ci틃5?
.%?M?黔L!G!톁?瑞積?C쿎1O疹!컀퐝?縯H^풶<긍G^'냭-툚콿a^ㅸF??力c켵A향殖?n???^향蹴?膾X|닽:;춊pv0^?D腎h,??놻91펊렿눃i? H?3;"깼qvH슎gvL뻺쑬wP뼤룛詮,Pb湲,?,??,?^뒞kqZ?Ex붶D??-/?w ;-墓?-栢깄촏騫斂\?描br㎩u똫쬮{?꼃bM뉛샯?Y朱8-?.N岬矢?-[L箏퍵評?y尸FK*??N턁뻩r*典`?Uw괠?w?N乾&c쓏qZ^1'듞?r렐8녭<J<끲?qM!7?츎뼯쒁i?祥쉎涵돝N??ビ?螢袒J릂司D뻴^箏,?P뱶h咸Ρ돃셩aM눋ya|?룯\-Y'?-/W?k??M쐳苕??Y?老iY???<?M얍???w|含?o㎩Cv秉쓻	F??빮?뎑G?E?:W?뎤낔??킹)g昕?뙴퀞퍚些?萎;x뺱)z;%k,뿾C晄R}cW識?蛛쬬휖?阡?툚x??$"CB쵋?x쉘퍶??믉X流l	?꾪F适胃?른?O御뭏?????f$굘aK뀣;勅m1#돊?f$蝦RF믵bn)#冒?e$y귒??+ks&뽸?풱?/衫x숎>?묇>?e$夢?FES[?v?m)#?zq?#.텔bF?줇蠅촭F!k 蓮???誨괵?뤯i??*9쓻子ew뒻_|쬮{?T>쭔$??F振璞뵎|?oO?E?#Y#.v쬮+P?쏓?샰g~G&箭?7,姨憺邃?騫
Q??쀁쭔$캃?F뮸/{????떼u?Y??RF??e$[,_)#?u?Z膠,qZ??H눋?|$Z??I^?hY콌=?쪒G?b뀁?I???/OI??M??멿?v$ZV펤<鸞겑?e$下쨲d???,?쐳?땱袒똟???v?)#Y!?쬮-#?>콛멿x꿽?玲?e$y梟??|볁???q無LxIt?쾲=E?폼g?V?4?+國^?턁?떄쓶?>??;0믕K뇶宴掛頓럒O急쐨영NF?$8?;??돽댽=?=?曉,朽?)暄%딗튈?枕[臻?*K웅?Ww끣몬??j窄?KH턻겯碇,툋oW땆쫄#XT?{?c??㎗?=?>左.퇟긂??햩꺟?E뛕??:풄?샛U꼭d通彧b傳쏒<玉푆??xKX0?z?=?8?껉햦?eP瓏$탕?Q^止&??뚚??깛굔처?MziX쐨後g兩챰쀴及t|貧?8/?윿]?y]>??꼬뒈?8"??yg艾(Y"?퍵剽쓵?쫯?/◈?Y璉息wP^O?'掩?뫜ｒu휟h燧|?㎲ay퐭X?쐳??걹뼺꾫Ｓ꼬삅쒀堵2묦些ㅓ?:-/d震뉼?뼌&Z푑쌺侮
=畿c稅??袒볧QＳ껙쏆?농Y?렺魏D?7괾Z塾O?귈?何?<켋Kl?쓻簿?㎽iy=徙煮?똚F쬮Qm?侍,e!\!顚,檀釣wZ??rZ뽏Sz'윐7?-?0<듨쾙遷?-綱??C??v縷?qw뀷?堵!볙'㎩C?LN開>끭穗?첍쐳eW7j뀦?g
т	N?뿏;';?쒫岸毫쓳<lurB?煬杭핓庄t?陰l?兪d?淨Xdy댎Y臣?5얧홄S]?Ji쓦좨뎊jя&5泗?X?蔿뎊?帛뎊J?ND?씅??ND?몊"?箚?켛$?N훶씅덭칿Gq*>DT3;K?3N펭(H?墨???:묉픅?2;!?궉;}?돐S?8핖???弛퍷똚U;.믊\1ov?걮2?qZ뽡K퇒;?w?/N?2?堵rl1씥8-k名빱쫌뗸뇻姦??岬Z?K?,뼛??wZ^7?㎩e??iY??Y럟7?⒦<촐%?8?b눮令듨b 륵2N꺹徽i찛?!뇾뗒쿀v?E?/멞???mc쯮띛6閱???M?ih?z???\-{??KY퍦
?롪X-9鳴&Zr퐃M큞?%Z??畿쵭?h名８&Z6?]-y斬愿?澾&??츽疆츎5?죪w?yy? ???-?@?	}F蛭?疆??N?j쪯셌흄??~묁)?核堵뀇大狂??Jv傘녍챍쬭떦燭3꼰덒??콤|[C岸?쐨설悅d?盆E퀀v*?鎚@?s"@?냮KC&俺줎M?q?=띔끐??]눺? 9M? ?巨" YS멖???2??oK㈗쩣$톣n)K6G?挻o)???+H퇃둪OfK쯌數?(??>?yS?R몏?m?㉫9/Сm좿s{b?맻?絲?澯[LEb?K쯌n退S*꽁t휒귣쉟?리??p???긧뽃:-뗁뤴큞Lれ?醱錡i?.v쬮??I증K턾쭧??\w????\?얲?????p?{??3?*쾒9|JE??쯌왇또럕l콤SKy??듾79?밭?쯌蛇q컷Vj'Z언?돃<H답%뉷LEb鈴멢?,?)瑕?R?K뷵*믭X줱?,?3KG?OH답1?惱<p앱몖7兄GR梭y|줱??*RV雯T$s?⊇朮宙Le??럹듒具#?O???&H삍듾쇥g?詮;N쯌?쪯??1??#q哨?돰w쪯셋Gy쪯?Y??珞=C:^쭞꿰#8'yP顯봪?g???H彬퍲?옟	덗훶?C腕?!J?s??7웂h?5???K틽琰??磋造???絮?昏???g??楫鱇荑=?斅o?￢?ⓤ샟????黜륖舛晄??월?捻웡?煦웜웝?~土洶?念웨諒?俵特?嗅俵7??諜?勢웜蕉~뤏?佈浦웠팵9?轄??쀹wPK坂\？  Q? PK   ?l[걣?  ?                   docProps/core.xmlPK   ?l[W(^#?   F               C  _rels/.relsPK   ?l[%??  (               _  [Content_Types].xmlPK   ?l[?w?   ?                ?  docProps/app.xmlPK   ?l[p왠&x   ?                ?  xl/sharedStrings.xmlPK   ?l[\湟?  E               a  xl/styles.xmlPK   ?l[x6{?   l                 xl/workbook.xmlPK   ?l[照X녥   0               O  xl/_rels/workbook.xml.relsPK   ?l[坂\？  Q?              k	  xl/worksheets/sheet1.xmlPK    	 	 ?  T?    